kpts, pt, std, mean
6, 0.00098, 16.149, 81.809
5, 0.00085, 13.940, 81.156
1, 0.00083, 12.302, 80.154
9, 0.00087, 12.370, 80.532
