kpts, pt, std, mean
18, 0.01662, 16.149, 81.809
21, 0.01252, 13.940, 81.156
17, 0.01242, 12.302, 80.154
14, 0.01227, 12.370, 80.532
