kpts, pt, std, mean
65, 0.00473, 16.149, 81.809
75, 0.00588, 13.940, 81.156
67, 0.00506, 12.302, 80.154
60, 0.00467, 12.370, 80.532
