kpts, pt, std, mean
94, 0.00951, 38.142, 85.105
110, 0.00796, 39.313, 85.818
125, 0.00822, 40.265, 86.191
126, 0.00819, 41.394, 86.816
119, 0.00794, 41.997, 87.487
126, 0.00821, 42.422, 88.419
181, 0.00927, 42.665, 88.977
216, 0.01042, 43.197, 89.797
239, 0.01074, 43.838, 90.910

