kpts, pt, std, mean
112, 0.09327, 38.142, 85.105
131, 0.09818, 39.313, 85.818
131, 0.09129, 40.265, 86.191
129, 0.08830, 41.394, 86.816
119, 0.08803, 41.997, 87.487
130, 0.08942, 42.422, 88.419
133, 0.09153, 42.665, 88.977
163, 0.10485, 43.197, 89.797
176, 0.10569, 43.838, 90.910

