kpts, pt, std, mean
94, 0.03354, 38.142, 85.105
85, 0.03691, 39.313, 85.818
81, 0.02793, 40.265, 86.191
73, 0.02717, 41.394, 86.816
73, 0.02829, 41.997, 87.487
77, 0.02884, 42.422, 88.419
84, 0.03237, 42.665, 88.977
96, 0.03188, 43.197, 89.797
110, 0.03564, 43.838, 90.910

